01/01/2020-04/01/2020,https://github.com/phpmyadmin/phpmyadmin/issues/16056,https://github.com/phpmyadmin/phpmyadmin/issues/16056,https://github.com/openwrt/luci/issues/3563#issuecomment-578522860,https://github.com/openwrt/luci/issues/3563#issuecomment-578522860,https://github.com/openwrt/luci/issues/3653#issue-567892007,https://github.com/openwrt/luci/issues/3653#issue-567892007,https://github.com/openwrt/luci/issues/3766,https://github.com/openwrt/luci/issues/3766,https://github.com/libgd/libgd/issues/383,https://github.com/libgd/libgd/issues/383,https://github.com/bludit/bludit/issues/1132,https://github.com/bludit/bludit/issues/1132,https://github.com/Cacti/cacti/issues/3186,https://github.com/Cacti/cacti/issues/3186
05/01/2020-08/01/2020,https://github.com/RIPE-NCC/rpki-validator-3/issues/158,https://github.com/RIPE-NCC/rpki-validator-3/issues/158,https://github.com/RIPE-NCC/rpki-validator-3/issues/232,https://github.com/RIPE-NCC/rpki-validator-3/issues/232,https://github.com/RIPE-NCC/rpki-validator-3/security/advisories/GHSA-q76j-58cx-wp5v,https://github.com/RIPE-NCC/rpki-validator-3/security/advisories/GHSA-q76j-58cx-wp5v,https://github.com/RIPE-NCC/rpki-validator-3/issues/159,https://github.com/RIPE-NCC/rpki-validator-3/issues/159,https://github.com/RIPE-NCC/rpki-validator-3/issues/162,https://github.com/RIPE-NCC/rpki-validator-3/issues/162,https://github.com/RIPE-NCC/rpki-validator-3/issues/232,https://github.com/RIPE-NCC/rpki-validator-3/issues/232,https://github.com/cpandya2909/CVE-2020-15778/,https://github.com/cpandya2909/CVE-2020-15778/,https://github.com/Da2Duo,https://github.com/Da2Duo,https://github.com/duckduckgo/Android/blob/e2f2d54a6b4452277467db403a3546512401b493/app/src/main/java/com/duckduckgo/app/global/UriExtension.kt#L83-L88,https://github.com/duckduckgo/Android/blob/e2f2d54a6b4452277467db403a3546512401b493/app/src/main/java/com/duckduckgo/app/global/UriExtension.kt#L83-L88,https://github.com/duckduckgo/Android/issues/527,https://github.com/duckduckgo/Android/issues/527,https://github.com/duckduckgo/iOS/blob/1ae03d7221180bd6791cf6f7f06922a96335cf75/Core/AppUrls.swift#L98-L100,https://github.com/duckduckgo/iOS/blob/1ae03d7221180bd6791cf6f7f06922a96335cf75/Core/AppUrls.swift#L98-L100,https://github.com/LibVNC/libvncserver/commit/53073c8d7e232151ea2ecd8a1243124121e10e2d,https://github.com/LibVNC/libvncserver/commit/53073c8d7e232151ea2ecd8a1243124121e10e2d,https://github.com/LibVNC/libvncserver/compare/LibVNCServer-0.9.12...LibVNCServer-0.9.13,https://github.com/LibVNC/libvncserver/compare/LibVNCServer-0.9.12...LibVNCServer-0.9.13,https://github.com/LibVNC/libvncserver/commit/23e5cbe6b090d7f22982aee909a6a618174d3c2d,https://github.com/LibVNC/libvncserver/commit/23e5cbe6b090d7f22982aee909a6a618174d3c2d,https://github.com/LibVNC/libvncserver/compare/LibVNCServer-0.9.12...LibVNCServer-0.9.13,https://github.com/LibVNC/libvncserver/compare/LibVNCServer-0.9.12...LibVNCServer-0.9.13,https://github.com/opencart/opencart/issues/7974,https://github.com/opencart/opencart/issues/7974,https://github.com/monstra-cms/monstra/issues/464,https://github.com/monstra-cms/monstra/issues/464,https://github.com/openssh/openssh-portable/commit/955854cafca88e0cdcd3d09ca1ad4ada465364a1,https://github.com/openssh/openssh-portable/commit/955854cafca88e0cdcd3d09ca1ad4ada465364a1,https://github.com/openssh/openssh-portable/commit/aad87b88fc2536b1ea023213729aaf4eaabe1894,https://github.com/openssh/openssh-portable/commit/aad87b88fc2536b1ea023213729aaf4eaabe1894,https://github.com/0FuzzingQ/vuln/blob/master/sklearn%20unserialize.md,https://github.com/0FuzzingQ/vuln/blob/master/sklearn%20unserialize.md,https://github.com/0FuzzingQ/vuln/blob/master/pandas%20unserialize.md,https://github.com/0FuzzingQ/vuln/blob/master/pandas%20unserialize.md,https://github.com/FRRouting/frr/pull/6383,https://github.com/FRRouting/frr/pull/6383
09/01/2020-12/01/2020,https://github.com/cjlin1/libsvm/blob/9a3a9708926dec87d382c43b203f2ca19c2d56a0/svm.cpp#L2501,https://github.com/cjlin1/libsvm/blob/9a3a9708926dec87d382c43b203f2ca19c2d56a0/svm.cpp#L2501,https://github.com/scikit-learn/scikit-learn/commit/1bf13d567d3cd74854aa8343fd25b61dd768bb85,https://github.com/scikit-learn/scikit-learn/commit/1bf13d567d3cd74854aa8343fd25b61dd768bb85,https://github.com/scikit-learn/scikit-learn/issues/18891,https://github.com/scikit-learn/scikit-learn/issues/18891,https://github.com/brocaar/chirpstack-network-server/commit/874fc1a9b01045ebe8a340f0bb01ed19e8256e60,https://github.com/brocaar/chirpstack-network-server/commit/874fc1a9b01045ebe8a340f0bb01ed19e8256e60,https://github.com/brocaar/chirpstack-network-server/commit/f996bb0c6c85281b5658f59ff09db1b4a73db453,https://github.com/brocaar/chirpstack-network-server/commit/f996bb0c6c85281b5658f59ff09db1b4a73db453,https://github.com/TAXIIProject/libtaxii/issues/246,https://github.com/TAXIIProject/libtaxii/issues/246,https://github.com/eclecticiq/OpenTAXII/issues/176,https://github.com/eclecticiq/OpenTAXII/issues/176,https://github.com/PandatiX/CVE-2021-28378,https://github.com/PandatiX/CVE-2021-28378,https://github.com/PandatiX/CVE-2021-28378#notes,https://github.com/PandatiX/CVE-2021-28378#notes,https://github.com/go-gitea/gitea/pull/13058,https://github.com/go-gitea/gitea/pull/13058,https://github.com/go-gitea/gitea/releases,https://github.com/go-gitea/gitea/releases,https://github.com/google/exposure-notifications-internals/blob/main/en-risks-and-mitigations-faq.md#additional-considerations,https://github.com/google/exposure-notifications-internals/blob/main/en-risks-and-mitigations-faq.md#additional-considerations,https://github.com/oauthjs/node-oauth2-server/issues/637,https://github.com/oauthjs/node-oauth2-server/issues/637,https://github.com/oauthjs/node-oauth2-server/pull/452,https://github.com/oauthjs/node-oauth2-server/pull/452,https://github.com/lukaszstu/pritunl/blob/master/CVE-2020-25200,https://github.com/lukaszstu/pritunl/blob/master/CVE-2020-25200,https://github.com/Typesetter/Typesetter/issues/674,https://github.com/Typesetter/Typesetter/issues/674,https://github.com/cesanta/mongoose/issues/1135,https://github.com/cesanta/mongoose/issues/1135,https://github.com/LibRaw/LibRaw/issues/335,https://github.com/LibRaw/LibRaw/issues/335
01/01/2021-04/01/2021,https://github.com/optiv/rustyIron,https://github.com/optiv/rustyIron,https://github.com/optiv/rustyIron,https://github.com/optiv/rustyIron,https://github.com/camunda/camunda-modeler/issues/2143,https://github.com/camunda/camunda-modeler/issues/2143,https://github.com/Lawyer-1/Turki/blob/main/CVE-2020-25902.md,https://github.com/Lawyer-1/Turki/blob/main/CVE-2020-25902.md,https://github.com/zenphoto/zenphoto/issues/1292,https://github.com/zenphoto/zenphoto/issues/1292,https://github.com/eybisi/misc/tree/main/clipwatch,https://github.com/eybisi/misc/tree/main/clipwatch,https://github.com/0xrayan/CVE-/discussions/4,https://github.com/0xrayan/CVE-/discussions/4,https://github.com/0xrayan/CVE-/discussions/2,https://github.com/0xrayan/CVE-/discussions/2,https://github.com/Bitmessage/PyBitmessage/blob/f381721bec31641002e2f240309600c4994855a7/src/api.py#L35-L37,https://github.com/Bitmessage/PyBitmessage/blob/f381721bec31641002e2f240309600c4994855a7/src/api.py#L35-L37,https://github.com/Bitmessage/PyBitmessage/releases,https://github.com/Bitmessage/PyBitmessage/releases,https://github.com/godaddy/node-config-shield/commit/cdba5d3a7accd661ffbc52e208153464bd0d9da6,https://github.com/godaddy/node-config-shield/commit/cdba5d3a7accd661ffbc52e208153464bd0d9da6,https://github.com/bitcoin/bitcoin/issues/20866,https://github.com/bitcoin/bitcoin/issues/20866,https://github.com/Ling-Yizhou/zendframework3-/blob/main/zend%20framework3%20%E5%8F%8D%E5%BA%8F%E5%88%97%E5%8C%96%20rce.md,https://github.com/Ling-Yizhou/zendframework3-/blob/main/zend%20framework3%20%E5%8F%8D%E5%BA%8F%E5%88%97%E5%8C%96%20rce.md,https://github.com/laminas/laminas-http/commits/2.15.x/src/Response/Stream.php,https://github.com/laminas/laminas-http/commits/2.15.x/src/Response/Stream.php,https://github.com/laminas/laminas-http/pull/48,https://github.com/laminas/laminas-http/pull/48,https://github.com/laminas/laminas-http/releases/tag/2.14.2,https://github.com/laminas/laminas-http/releases/tag/2.14.2
05/01/2021-08/01/2021,https://github.com/karelzak/util-linux/commit/1c9143d0c1f979c3daf10e1c37b5b1e916c22a1c,https://github.com/karelzak/util-linux/commit/1c9143d0c1f979c3daf10e1c37b5b1e916c22a1c,https://github.com/karelzak/util-linux/issues/1395,https://github.com/karelzak/util-linux/issues/1395,https://github.com/GitHubAssessments/CVE_Assessment_06_2019/blob/master/Snagit_Review.pdf,https://github.com/GitHubAssessments/CVE_Assessment_06_2019/blob/master/Snagit_Review.pdf,https://github.com/GitHubAssessments/CVE_Assessment_04_2019/blob/master/Snagit_Report.pdf,https://github.com/GitHubAssessments/CVE_Assessment_04_2019/blob/master/Snagit_Report.pdf,https://github.com/victronenergy/venus/issues/836,https://github.com/victronenergy/venus/issues/836,https://github.com/tcltk/tcl/commit/4705dbdde2f32ff90420765cd93e7ac71d81a222,https://github.com/tcltk/tcl/commit/4705dbdde2f32ff90420765cd93e7ac71d81a222,https://github.com/google/oss-fuzz-vulns/blob/main/vulns/uwebsockets/OSV-2020-1695.yaml,https://github.com/google/oss-fuzz-vulns/blob/main/vulns/uwebsockets/OSV-2020-1695.yaml,https://github.com/uNetworking/uWebSockets/commit/03fca626a95130ab80f86adada54b29d27242759,https://github.com/uNetworking/uWebSockets/commit/03fca626a95130ab80f86adada54b29d27242759,https://github.com/tensorflow/tensorflow/blob/b8cad4c631096a34461ff8a07840d5f4d123ce32/tensorflow/python/keras/README.md,https://github.com/tensorflow/tensorflow/blob/b8cad4c631096a34461ff8a07840d5f4d123ce32/tensorflow/python/keras/README.md,https://github.com/tensorflow/tensorflow/blob/b8cad4c631096a34461ff8a07840d5f4d123ce32/tensorflow/python/keras/utils/data_utils.py#L137,https://github.com/tensorflow/tensorflow/blob/b8cad4c631096a34461ff8a07840d5f4d123ce32/tensorflow/python/keras/utils/data_utils.py#L137,https://github.com/olivierkes/manuskript/issues/891,https://github.com/olivierkes/manuskript/issues/891,https://github.com/mdanzaruddin/CVE-2021-33558.,https://github.com/mdanzaruddin/CVE-2021-33558.,https://github.com/mdanzaruddin/CVE-2021-33558./issues/1,https://github.com/mdanzaruddin/CVE-2021-33558./issues/1,https://github.com/pallets-eco/flask-caching/pull/209#issuecomment-1136397937,https://github.com/pallets-eco/flask-caching/pull/209#issuecomment-1136397937,https://github.com/sh4nks/flask-caching/pull/209,https://github.com/sh4nks/flask-caching/pull/209
09/01/2021-12/01/2021,https://github.com/hkerma/opa-gatekeeper-concurrency-issue,https://github.com/hkerma/opa-gatekeeper-concurrency-issue,https://github.com/open-policy-agent/gatekeeper/releases,https://github.com/open-policy-agent/gatekeeper/releases,https://github.com/icatalina/CVE-2021-43616,https://github.com/icatalina/CVE-2021-43616,https://github.com/npm/cli/commit/457e0ae61bbc55846f5af44afa4066921923490f,https://github.com/npm/cli/commit/457e0ae61bbc55846f5af44afa4066921923490f,https://github.com/npm/cli/issues/2701,https://github.com/npm/cli/issues/2701,https://github.com/npm/cli/issues/2701#issuecomment-972900511,https://github.com/npm/cli/issues/2701#issuecomment-972900511,https://github.com/npm/cli/issues/2701#issuecomment-979054224,https://github.com/npm/cli/issues/2701#issuecomment-979054224,https://github.com/xiph/speex/issues/14,https://github.com/xiph/speex/issues/14,https://github.com/robertguetzkow/ets5-password-recovery,https://github.com/robertguetzkow/ets5-password-recovery,https://github.com/weidai11/cryptopp/issues/1080,https://github.com/weidai11/cryptopp/issues/1080,https://github.com/weidai11/cryptopp/issues/1080#issuecomment-996492222,https://github.com/weidai11/cryptopp/issues/1080#issuecomment-996492222,https://github.com/mkdocs/mkdocs,https://github.com/mkdocs/mkdocs,https://github.com/mkdocs/mkdocs/issues/2601,https://github.com/mkdocs/mkdocs/issues/2601,https://github.com/nisdn/CVE-2021-40978,https://github.com/nisdn/CVE-2021-40978,https://github.com/nisdn/CVE-2021-40978/issues/1,https://github.com/nisdn/CVE-2021-40978/issues/1,https://github.com/zeek/zeek/issues/1798,https://github.com/zeek/zeek/issues/1798,https://github.com/jaredhanson/passport-oauth2/commit/8e3bcdff145a2219033bd782fc517229fe3e05ea,https://github.com/jaredhanson/passport-oauth2/commit/8e3bcdff145a2219033bd782fc517229fe3e05ea,https://github.com/jaredhanson/passport-oauth2/compare/v1.6.0...v1.6.1,https://github.com/jaredhanson/passport-oauth2/compare/v1.6.0...v1.6.1,https://github.com/jaredhanson/passport-oauth2/pull/144,https://github.com/jaredhanson/passport-oauth2/pull/144,https://github.com/antirez/redis/issues/6633,https://github.com/antirez/redis/issues/6633,https://github.com/openssh/openssh-portable/blob/d0fffc88c8fe90c1815c6f4097bc8cbcabc0f3dd/auth2-pubkey.c#L261-L265,https://github.com/openssh/openssh-portable/blob/d0fffc88c8fe90c1815c6f4097bc8cbcabc0f3dd/auth2-pubkey.c#L261-L265,https://github.com/openssh/openssh-portable/pull/270,https://github.com/openssh/openssh-portable/pull/270,https://github.com/openssh/openssh-portable/pull/270#issuecomment-920577097,https://github.com/openssh/openssh-portable/pull/270#issuecomment-920577097,https://github.com/openssh/openssh-portable/pull/270#issuecomment-943909185,https://github.com/openssh/openssh-portable/pull/270#issuecomment-943909185
01/01/2022-04/01/2022,https://github.com/pompel123/Tesla-Charging-Port-Opener,https://github.com/pompel123/Tesla-Charging-Port-Opener,https://github.com/Edgarloyola/CVE-2021-40905,https://github.com/Edgarloyola/CVE-2021-40905,https://github.com/HaHarden/mybatis-plus-sql-Injection,https://github.com/HaHarden/mybatis-plus-sql-Injection,https://github.com/baomidou/mybatis-plus/issues/4407,https://github.com/baomidou/mybatis-plus/issues/4407,https://github.com/Lyther/VulnDiscover/blob/master/Web/ThinkPHP_InfoLeak.md,https://github.com/Lyther/VulnDiscover/blob/master/Web/ThinkPHP_InfoLeak.md,https://github.com/nothings/stb/issues/1286,https://github.com/nothings/stb/issues/1286,https://github.com/nothings/stb/issues/1287,https://github.com/nothings/stb/issues/1287,https://github.com/nothings/stb/issues/1286,https://github.com/nothings/stb/issues/1286,https://github.com/nothings/stb/issues/1288,https://github.com/nothings/stb/issues/1288,https://github.com/nothings/stb/issues/1286,https://github.com/nothings/stb/issues/1286,https://github.com/openssh/openssh-portable/pull/258,https://github.com/openssh/openssh-portable/pull/258,https://github.com/pgjdbc/pgjdbc/pull/2454/commits/017b929977b4f85795f9ad2fa5de6e80978b8ccc,https://github.com/pgjdbc/pgjdbc/pull/2454/commits/017b929977b4f85795f9ad2fa5de6e80978b8ccc,https://github.com/pgjdbc/pgjdbc/security/advisories/GHSA-673j-qm5f-xpv8,https://github.com/pgjdbc/pgjdbc/security/advisories/GHSA-673j-qm5f-xpv8,https://github.com/AS4mir/CVE-2021-45008/blob/main/README.md,https://github.com/AS4mir/CVE-2021-45008/blob/main/README.md,https://github.com/AS4mir/CVE-2021-45007/blob/main/README.md,https://github.com/AS4mir/CVE-2021-45007/blob/main/README.md,https://github.com/guyinatuxedo/sqlite3_record_leaking,https://github.com/guyinatuxedo/sqlite3_record_leaking,https://github.com/git/git/blob/2dc94da3744bfbbf145eca587a0f5ff480cc5867/Documentation/git-clone.txt#L185-L191,https://github.com/git/git/blob/2dc94da3744bfbbf145eca587a0f5ff480cc5867/Documentation/git-clone.txt#L185-L191,https://github.com/Stakcery/Web-Security/issues/2,https://github.com/Stakcery/Web-Security/issues/2,https://github.com/V1n1v131r4/CSRF-to-RCE-on-Backdrop-CMS,https://github.com/V1n1v131r4/CSRF-to-RCE-on-Backdrop-CMS,https://github.com/itext/itext7/pull/78,https://github.com/itext/itext7/pull/78,https://github.com/itext/itext7/pull/78#issuecomment-1089287808,https://github.com/itext/itext7/pull/78#issuecomment-1089287808
05/01/2022-08/01/2022,https://github.com/opensource-socialnetwork/opensource-socialnetwork/releases/tag/6.3,https://github.com/opensource-socialnetwork/opensource-socialnetwork/releases/tag/6.3,https://github.com/caddyserver/caddy/issues/4775,https://github.com/caddyserver/caddy/issues/4775,https://github.com/caddyserver/caddy/issues/4775#issuecomment-1203388116,https://github.com/caddyserver/caddy/issues/4775#issuecomment-1203388116,https://github.com/b17fr13nds/MPlayer_cve_poc,https://github.com/b17fr13nds/MPlayer_cve_poc,https://github.com/bypazs/strapi,https://github.com/bypazs/strapi,https://github.com/strapi/strapi/blob/d9277d616b4478a3839e79e47330a4aaf167a2f1/packages/core/content-type-builder/admin/src/components/AllowedTypesSelect/index.js#L14,https://github.com/strapi/strapi/blob/d9277d616b4478a3839e79e47330a4aaf167a2f1/packages/core/content-type-builder/admin/src/components/AllowedTypesSelect/index.js#L14,https://github.com/strapi/strapi/blob/d9277d616b4478a3839e79e47330a4aaf167a2f1/packages/core/upload/admin/src/components/MediaLibraryInput/index.js#L33,https://github.com/strapi/strapi/blob/d9277d616b4478a3839e79e47330a4aaf167a2f1/packages/core/upload/admin/src/components/MediaLibraryInput/index.js#L33,https://github.com/soheilsamanabadi/vulnerabilitys/blob/main/Zimbra%208.8.15%20zmprove%20ca%20command,https://github.com/soheilsamanabadi/vulnerabilitys/blob/main/Zimbra%208.8.15%20zmprove%20ca%20command,https://github.com/soheilsamanabadi/vulnerabilitys/pull/1,https://github.com/soheilsamanabadi/vulnerabilitys/pull/1,https://github.com/qemu/qemu/blob/f200ff158d5abcb974a6b597a962b6b2fbea2b06/softmmu/physmem.c,https://github.com/qemu/qemu/blob/f200ff158d5abcb974a6b597a962b6b2fbea2b06/softmmu/physmem.c,https://github.com/qemu/qemu/blob/v7.0.0/include/exec/cpu-all.h#L145-L148,https://github.com/qemu/qemu/blob/v7.0.0/include/exec/cpu-all.h#L145-L148,https://github.com/qemu/qemu/commit/3517fb726741c109cae7995f9ea46f0cab6187d6#diff-83c563ed6330dc5d49876f1116e7518b5c16654bbc6e9b4ea8e28f5833d576fcR482,https://github.com/qemu/qemu/commit/3517fb726741c109cae7995f9ea46f0cab6187d6#diff-83c563ed6330dc5d49876f1116e7518b5c16654bbc6e9b4ea8e28f5833d576fcR482,https://github.com/qemu/qemu/commit/3517fb726741c109cae7995f9ea46f0cab6187d6#diff-83c563ed6330dc5d49876f1116e7518b5c16654bbc6e9b4ea8e28f5833d576fcR482.aa,https://github.com/qemu/qemu/commit/3517fb726741c109cae7995f9ea46f0cab6187d6#diff-83c563ed6330dc5d49876f1116e7518b5c16654bbc6e9b4ea8e28f5833d576fcR482.aa,https://github.com/qemu/qemu/commit/418ade7849ce7641c0f7333718caf5091a02fd4c,https://github.com/qemu/qemu/commit/418ade7849ce7641c0f7333718caf5091a02fd4c,https://github.com/lucas-clemente/quic-go/blob/84e03e59760ceee37359688871bb0688fcc4e98f/mtu_discoverer.go,https://github.com/lucas-clemente/quic-go/blob/84e03e59760ceee37359688871bb0688fcc4e98f/mtu_discoverer.go,https://github.com/typeorm/typeorm/compare/0.2.45...0.3.0,https://github.com/typeorm/typeorm/compare/0.2.45...0.3.0,https://github.com/nereusx/md2roff/issues/4,https://github.com/nereusx/md2roff/issues/4,https://github.com/aio-libs/aiohttp/issues/6772,https://github.com/aio-libs/aiohttp/issues/6772,https://github.com/BrotherOfJhonny/grafana/blob/main/README.md,https://github.com/BrotherOfJhonny/grafana/blob/main/README.md,https://github.com/grafana/grafana/issues/50336,https://github.com/grafana/grafana/issues/50336,https://github.com/BrotherOfJhonny/grafana,https://github.com/BrotherOfJhonny/grafana,https://github.com/BrotherOfJhonny/grafana/blob/main/README.md,https://github.com/BrotherOfJhonny/grafana/blob/main/README.md,https://github.com/grafana/grafana/issues/50336,https://github.com/grafana/grafana/issues/50336,https://github.com/grafana/grafana/issues/50341#issuecomment-1155252393,https://github.com/grafana/grafana/issues/50341#issuecomment-1155252393,https://github.com/formio/enterprise-release/blob/master/API-Server-Change-Log.md,https://github.com/formio/enterprise-release/blob/master/API-Server-Change-Log.md,https://github.com/formio/formio,https://github.com/formio/formio,https://github.com/michaelrsweet/mxml/issues/286,https://github.com/michaelrsweet/mxml/issues/286,https://github.com/michaelrsweet/mxml/issues/286,https://github.com/michaelrsweet/mxml/issues/286,https://github.com/MariaDB/server/commit/7c30bc38a588b22b01f11130cfe99e7f36accf94,https://github.com/MariaDB/server/commit/7c30bc38a588b22b01f11130cfe99e7f36accf94,https://github.com/MariaDB/server/pull/1938,https://github.com/MariaDB/server/pull/1938,https://github.com/MariaDB/server/commit/e1eb39a446c30b8459c39fd7f2ee1c55a36e97d2,https://github.com/MariaDB/server/commit/e1eb39a446c30b8459c39fd7f2ee1c55a36e97d2,https://github.com/MariaDB/server/commit/b1351c15946349f9daa7e5297fb2ac6f3139e4a8,https://github.com/MariaDB/server/commit/b1351c15946349f9daa7e5297fb2ac6f3139e4a8
09/01/2022-12/01/2022,https://github.com/advisories/GHSA-22wj-vf5f-wrvj,https://github.com/advisories/GHSA-22wj-vf5f-wrvj,https://github.com/h2database/h2database/blob/96832bf5a97cdc0adc1f2066ed61c54990d66ab5/h2/src/main/org/h2/server/web/WebServer.java#L346-L347,https://github.com/h2database/h2database/blob/96832bf5a97cdc0adc1f2066ed61c54990d66ab5/h2/src/main/org/h2/server/web/WebServer.java#L346-L347,https://github.com/h2database/h2database/issues/3686,https://github.com/h2database/h2database/issues/3686,https://github.com/h2database/h2database/pull/3833,https://github.com/h2database/h2database/pull/3833,https://github.com/h2database/h2database/releases/tag/version-2.2.220,https://github.com/h2database/h2database/releases/tag/version-2.2.220,https://github.com/nginx/njs/issues/533,https://github.com/nginx/njs/issues/533,https://github.com/nginx/njs/issues/470,https://github.com/nginx/njs/issues/470,https://github.com/nginx/njs/issues/529,https://github.com/nginx/njs/issues/529,https://github.com/rails/rails/commit/be177e4566747b73ff63fd5f529fab564e475ed4,https://github.com/rails/rails/commit/be177e4566747b73ff63fd5f529fab564e475ed4,https://github.com/rails/rails/issues/46244,https://github.com/rails/rails/issues/46244,https://github.com/redis/redis/commit/0bf90d944313919eb8e63d3588bf63a367f020a3,https://github.com/redis/redis/commit/0bf90d944313919eb8e63d3588bf63a367f020a3,https://github.com/mishoo/UglifyJS/blob/352a944868b09c9ce3121a49d4a0bf0afe370a35/lib/ast.js#L46,https://github.com/mishoo/UglifyJS/blob/352a944868b09c9ce3121a49d4a0bf0afe370a35/lib/ast.js#L46,https://github.com/mishoo/UglifyJS/blob/352a944868b09c9ce3121a49d4a0bf0afe370a35/lib/ast.js#L79,https://github.com/mishoo/UglifyJS/blob/352a944868b09c9ce3121a49d4a0bf0afe370a35/lib/ast.js#L79,https://github.com/mishoo/UglifyJS/issues/5699,https://github.com/mishoo/UglifyJS/issues/5699,https://github.com/mishoo/UglifyJS/issues/5721#issuecomment-1292849604,https://github.com/mishoo/UglifyJS/issues/5721#issuecomment-1292849604,https://github.com/IthacaLabs/DevExpress/tree/main/ASP.NET_Web_Forms_Build_19.2.3,https://github.com/IthacaLabs/DevExpress/tree/main/ASP.NET_Web_Forms_Build_19.2.3,https://github.com/pytest-dev/py/blob/cb87a83960523a2367d0f19226a73aed4ce4291d/py/_path/svnurl.py#L316,https://github.com/pytest-dev/py/blob/cb87a83960523a2367d0f19226a73aed4ce4291d/py/_path/svnurl.py#L316,https://github.com/pytest-dev/py/issues/287,https://github.com/pytest-dev/py/issues/287,https://github.com/726232111/CodeIgniter3.1.13-SQL-Inject/blob/main/README.md,https://github.com/726232111/CodeIgniter3.1.13-SQL-Inject/blob/main/README.md,https://github.com/bcit-ci/CodeIgniter/issues/6161,https://github.com/bcit-ci/CodeIgniter/issues/6161,https://github.com/726232111/CodeIgniter3.1.13-SQL-Inject/blob/main/README.md,https://github.com/726232111/CodeIgniter3.1.13-SQL-Inject/blob/main/README.md,https://github.com/bcit-ci/CodeIgniter/issues/6161,https://github.com/bcit-ci/CodeIgniter/issues/6161,https://github.com/726232111/CodeIgniter3.1.13-SQL-Inject/blob/main/README.md,https://github.com/726232111/CodeIgniter3.1.13-SQL-Inject/blob/main/README.md,https://github.com/bcit-ci/CodeIgniter/issues/6161,https://github.com/bcit-ci/CodeIgniter/issues/6161,https://github.com/726232111/CodeIgniter3.1.13-SQL-Inject/blob/main/README.md,https://github.com/726232111/CodeIgniter3.1.13-SQL-Inject/blob/main/README.md,https://github.com/bcit-ci/CodeIgniter/issues/6161,https://github.com/bcit-ci/CodeIgniter/issues/6161,https://github.com/726232111/CodeIgniter3.1.13-SQL-Inject/blob/main/README.md,https://github.com/726232111/CodeIgniter3.1.13-SQL-Inject/blob/main/README.md,https://github.com/bcit-ci/CodeIgniter/issues/6161,https://github.com/bcit-ci/CodeIgniter/issues/6161,https://github.com/726232111/CodeIgniter3.1.13-SQL-Inject/blob/main/README.md,https://github.com/726232111/CodeIgniter3.1.13-SQL-Inject/blob/main/README.md,https://github.com/bcit-ci/CodeIgniter/issues/6161,https://github.com/bcit-ci/CodeIgniter/issues/6161,https://github.com/726232111/CodeIgniter3.1.13-SQL-Inject/blob/main/README.md,https://github.com/726232111/CodeIgniter3.1.13-SQL-Inject/blob/main/README.md,https://github.com/bcit-ci/CodeIgniter/issues/6161,https://github.com/bcit-ci/CodeIgniter/issues/6161,https://github.com/726232111/CodeIgniter3.1.13-SQL-Inject/blob/main/README.md,https://github.com/726232111/CodeIgniter3.1.13-SQL-Inject/blob/main/README.md,https://github.com/bcit-ci/CodeIgniter/issues/6161,https://github.com/bcit-ci/CodeIgniter/issues/6161,https://github.com/726232111/CodeIgniter3.1.13-SQL-Inject/blob/main/README.md,https://github.com/726232111/CodeIgniter3.1.13-SQL-Inject/blob/main/README.md
01/01/2023-04/01/2023,https://github.com/llvm/llvm-project/issues/60216,https://github.com/llvm/llvm-project/issues/60216,https://github.com/bitwarden/clients/releases,https://github.com/bitwarden/clients/releases,https://github.com/bitwarden/clients/releases,https://github.com/bitwarden/clients/releases,https://github.com/torvalds/linux/commit/4a625ceee8a0ab0273534cb6b432ce6b331db5ee,https://github.com/torvalds/linux/commit/4a625ceee8a0ab0273534cb6b432ce6b331db5ee,https://github.com/saltstack/salt/blob/master/salt/modules/status.py,https://github.com/saltstack/salt/blob/master/salt/modules/status.py,https://github.com/tristao-marinho/CVE-2022-45544/blob/main/README.md,https://github.com/tristao-marinho/CVE-2022-45544/blob/main/README.md,https://github.com/NyaMeeEain/Infrastructure-Assessment/blob/master/Privilege%20Escalation/Common%20Windows%20Privilege%20Escalation.md,https://github.com/NyaMeeEain/Infrastructure-Assessment/blob/master/Privilege%20Escalation/Common%20Windows%20Privilege%20Escalation.md,https://github.com/mRemoteNG/mRemoteNG/issues/2338,https://github.com/mRemoteNG/mRemoteNG/issues/2338,https://github.com/l00neyhacker/CVE-2023-23130,https://github.com/l00neyhacker/CVE-2023-23130,https://github.com/l00neyhacker/CVE-2023-23128,https://github.com/l00neyhacker/CVE-2023-23128,https://github.com/l00neyhacker/CVE-2023-23127,https://github.com/l00neyhacker/CVE-2023-23127,https://github.com/l00neyhacker/CVE-2023-23126,https://github.com/l00neyhacker/CVE-2023-23126,https://github.com/Sakura-501/LimeSurvey-5.4.15-Stored-XSS-in-surveytexts,https://github.com/Sakura-501/LimeSurvey-5.4.15-Stored-XSS-in-surveytexts
05/01/2023-08/01/2023,https://github.com/bramp/ffmpeg-cli-wrapper/blob/master/src/main/java/net/bramp/ffmpeg/FFmpeg.java,https://github.com/bramp/ffmpeg-cli-wrapper/blob/master/src/main/java/net/bramp/ffmpeg/FFmpeg.java,https://github.com/bramp/ffmpeg-cli-wrapper/issues/291,https://github.com/bramp/ffmpeg-cli-wrapper/issues/291,https://github.com/quartz-scheduler/quartz/issues/943,https://github.com/quartz-scheduler/quartz/issues/943,https://github.com/Trinity-SYT-SECURITY/arbitrary-file-upload-RCE/blob/main/Online%20Art%20gallery%20project%201.0.md,https://github.com/Trinity-SYT-SECURITY/arbitrary-file-upload-RCE/blob/main/Online%20Art%20gallery%20project%201.0.md,https://github.com/scipy/scipy/issues/14713,https://github.com/scipy/scipy/issues/14713,https://github.com/scipy/scipy/issues/14713#issuecomment-1629468565,https://github.com/scipy/scipy/issues/14713#issuecomment-1629468565,https://github.com/scipy/scipy/pull/15013,https://github.com/scipy/scipy/pull/15013,https://github.com/scipy/scipy/issues/16235,https://github.com/scipy/scipy/issues/16235,https://github.com/scipy/scipy/issues/16235#issuecomment-1625361328,https://github.com/scipy/scipy/issues/16235#issuecomment-1625361328,https://github.com/scipy/scipy/pull/16397,https://github.com/scipy/scipy/pull/16397,https://github.com/Daybreak2019/PoC_python3.9_Vul/blob/main/RecursionError-email.utils.parseaddr.py,https://github.com/Daybreak2019/PoC_python3.9_Vul/blob/main/RecursionError-email.utils.parseaddr.py,https://github.com/python/cpython/issues/103800,https://github.com/python/cpython/issues/103800,https://github.com/970198175/Simply-use,https://github.com/970198175/Simply-use,https://github.com/keepassxreboot/keepassxc/issues/9339,https://github.com/keepassxreboot/keepassxc/issues/9339,https://github.com/keepassxreboot/keepassxc/issues/9339#issuecomment-1598219482,https://github.com/keepassxreboot/keepassxc/issues/9339#issuecomment-1598219482,https://github.com/keepassxreboot/keepassxc/issues/9391,https://github.com/keepassxreboot/keepassxc/issues/9391,https://github.com/bludit/bludit/issues/1212#issuecomment-649514491,https://github.com/bludit/bludit/issues/1212#issuecomment-649514491,https://github.com/bludit/bludit/issues/1369#issuecomment-940806199,https://github.com/bludit/bludit/issues/1369#issuecomment-940806199,https://github.com/bludit/bludit/issues/1508,https://github.com/bludit/bludit/issues/1508,https://github.com/FasterXML/jackson-databind/issues/3972,https://github.com/FasterXML/jackson-databind/issues/3972,https://github.com/kastel-security/Journald,https://github.com/kastel-security/Journald,https://github.com/kastel-security/Journald/blob/main/journald-publication.pdf,https://github.com/kastel-security/Journald/blob/main/journald-publication.pdf,https://github.com/systemd/systemd/pull/28885,https://github.com/systemd/systemd/pull/28885,https://github.com/systemd/systemd/releases,https://github.com/systemd/systemd/releases,https://github.com/kastel-security/Journald,https://github.com/kastel-security/Journald,https://github.com/kastel-security/Journald/blob/main/journald-publication.pdf,https://github.com/kastel-security/Journald/blob/main/journald-publication.pdf,https://github.com/systemd/systemd/pull/28886,https://github.com/systemd/systemd/pull/28886,https://github.com/systemd/systemd/releases,https://github.com/systemd/systemd/releases,https://github.com/kastel-security/Journald,https://github.com/kastel-security/Journald,https://github.com/kastel-security/Journald/blob/main/journald-publication.pdf,https://github.com/kastel-security/Journald/blob/main/journald-publication.pdf,https://github.com/systemd/systemd/releases,https://github.com/systemd/systemd/releases,https://github.com/craftcms/cms/blob/develop/CHANGELOG.md#442---2023-03-14,https://github.com/craftcms/cms/blob/develop/CHANGELOG.md#442---2023-03-14,https://github.com/github/advisory-database/pull/2443#issuecomment-1610040714,https://github.com/github/advisory-database/pull/2443#issuecomment-1610040714,https://github.com/github/advisory-database/pull/2443#issuecomment-1610634200,https://github.com/github/advisory-database/pull/2443#issuecomment-1610634200,https://github.com/janino-compiler/janino/issues/201,https://github.com/janino-compiler/janino/issues/201
09/01/2023-12/01/2023,https://github.com/296430468/lcc_test/blob/main/jumpserver_BUG.md,https://github.com/296430468/lcc_test/blob/main/jumpserver_BUG.md,https://github.com/jumpserver/jumpserver,https://github.com/jumpserver/jumpserver,https://github.com/jumpserver/jumpserver/issues/13394,https://github.com/jumpserver/jumpserver/issues/13394,https://github.com/sromanhu/CVE-2023-44760_ConcreteCMS-Stored-XSS---TrackingCodes/issues/1,https://github.com/sromanhu/CVE-2023-44760_ConcreteCMS-Stored-XSS---TrackingCodes/issues/1,https://github.com/sromanhu/ConcreteCMS-Stored-XSS---TrackingCodes,https://github.com/sromanhu/ConcreteCMS-Stored-XSS---TrackingCodes,https://github.com/sromanhu/ConcreteCMS-Arbitrary-file-upload-Thumbnail,https://github.com/sromanhu/ConcreteCMS-Arbitrary-file-upload-Thumbnail,https://github.com/kohler/gifsicle/issues/195,https://github.com/kohler/gifsicle/issues/195,https://github.com/kohler/gifsicle/issues/65,https://github.com/kohler/gifsicle/issues/65,https://github.com/sromanhu/ConcreteCMS-Stored-XSS---SEO,https://github.com/sromanhu/ConcreteCMS-Stored-XSS---SEO,https://github.com/MobSF/Mobile-Security-Framework-MobSF/blob/abb47659a19ac772765934f184c65fe16cb3bee7/docker-compose.yml#L30-L31,https://github.com/MobSF/Mobile-Security-Framework-MobSF/blob/abb47659a19ac772765934f184c65fe16cb3bee7/docker-compose.yml#L30-L31,https://github.com/MobSF/Mobile-Security-Framework-MobSF/issues/1211,https://github.com/MobSF/Mobile-Security-Framework-MobSF/issues/1211,https://github.com/MobSF/Mobile-Security-Framework-MobSF/issues/748,https://github.com/MobSF/Mobile-Security-Framework-MobSF/issues/748,https://github.com/woshinibaba222/hack16/blob/main/Unauthorized%20Access%20to%20MobSF.md,https://github.com/woshinibaba222/hack16/blob/main/Unauthorized%20Access%20to%20MobSF.md,https://github.com/metaredteam/external-disclosures/security/advisories/GHSA-x7ch-h5rf-w2mf,https://github.com/metaredteam/external-disclosures/security/advisories/GHSA-x7ch-h5rf-w2mf,https://github.com/SimonWaldherr/zplgfa/pull/6,https://github.com/SimonWaldherr/zplgfa/pull/6,https://github.com/disintegration/imaging/issues/165,https://github.com/disintegration/imaging/issues/165,https://github.com/disintegration/imaging/releases/tag/v1.6.2,https://github.com/disintegration/imaging/releases/tag/v1.6.2
01/01/2024-04/01/2024,https://github.com/netsecfish/intelbras_cap_js,https://github.com/netsecfish/intelbras_cap_js,https://github.com/2308652512/JJWT_BUG,https://github.com/2308652512/JJWT_BUG,https://github.com/jwtk/jjwt,https://github.com/jwtk/jjwt,https://github.com/jwtk/jjwt/issues/930#issuecomment-2032699358,https://github.com/jwtk/jjwt/issues/930#issuecomment-2032699358,https://github.com/llvm/llvm-project/issues/67388,https://github.com/llvm/llvm-project/issues/67388,https://github.com/schnaader/precomp-cpp/issues/139,https://github.com/schnaader/precomp-cpp/issues/139,https://github.com/MiniZinc/libminizinc/commit/afe67acc20898e4308044b54c4acf7a08df544f0,https://github.com/MiniZinc/libminizinc/commit/afe67acc20898e4308044b54c4acf7a08df544f0,https://github.com/MiniZinc/libminizinc/issues/730,https://github.com/MiniZinc/libminizinc/issues/730
05/01/2024-08/01/2024,https://github.com/actuator/cve/blob/main/AdTran/CVE-2024-31970,https://github.com/actuator/cve/blob/main/AdTran/CVE-2024-31970,https://github.com/actuator/cve/blob/main/AdTran/SRG-834-5,https://github.com/actuator/cve/blob/main/AdTran/SRG-834-5,https://github.com/acassen/keepalived/issues/2447#issuecomment-2231329734,https://github.com/acassen/keepalived/issues/2447#issuecomment-2231329734,https://github.com/caolan/async/blob/v3.2.5/lib/autoInject.js#L41,https://github.com/caolan/async/blob/v3.2.5/lib/autoInject.js#L41,https://github.com/caolan/async/blob/v3.2.5/lib/autoInject.js#L6,https://github.com/caolan/async/blob/v3.2.5/lib/autoInject.js#L6,https://github.com/caolan/async/issues/1975#issuecomment-2204528153,https://github.com/caolan/async/issues/1975#issuecomment-2204528153,https://github.com/zunak/CVE-2024-39249,https://github.com/zunak/CVE-2024-39249,https://github.com/zunak/CVE-2024-39249/issues/1,https://github.com/zunak/CVE-2024-39249/issues/1,https://github.com/Aaron911/PoC/blob/main/Gradio.md,https://github.com/Aaron911/PoC/blob/main/Gradio.md,https://github.com/advisories/GHSA-9v2f-6vcg-3hgv,https://github.com/advisories/GHSA-9v2f-6vcg-3hgv,https://github.com/gradio-app/gradio/issues/8853,https://github.com/gradio-app/gradio/issues/8853,https://github.com/zmanion/Vulnerabilities/blob/main/CVE-2024-21893.md,https://github.com/zmanion/Vulnerabilities/blob/main/CVE-2024-21893.md,https://github.com/TryGhost/Ghost/releases,https://github.com/TryGhost/Ghost/releases,https://github.com/baomidou/mybatis-plus/issues/6167,https://github.com/baomidou/mybatis-plus/issues/6167,https://github.com/pugjs/pug/pull/3428,https://github.com/pugjs/pug/pull/3428,https://github.com/keepassxreboot/keepassxc/issues/10784,https://github.com/keepassxreboot/keepassxc/issues/10784,https://github.com/keepassxreboot/keepassxc/issues/10784,https://github.com/keepassxreboot/keepassxc/issues/10784,https://github.com/joblib/joblib/issues/1582,https://github.com/joblib/joblib/issues/1582,https://github.com/joblib/joblib/issues/977,https://github.com/joblib/joblib/issues/977,https://github.com/Vanessa219/vditor/blob/b3a14d6e4462b0c17141e1fcc66173264ada64e0/README_en_US.md?plain=1#L310,https://github.com/Vanessa219/vditor/blob/b3a14d6e4462b0c17141e1fcc66173264ada64e0/README_en_US.md?plain=1#L310,https://github.com/Vanessa219/vditor/issues/1604,https://github.com/Vanessa219/vditor/issues/1604
09/01/2024-12/01/2024,https://github.com/github/advisory-database/pull/5046,https://github.com/symfony/symfony/blob/v7.0.7/src/Symfony/Component/Security/Http/Authenticator/FormLoginAuthenticator.php#L132,https://github.com/symfony/symfony/commit/a804ca15fcad279d7727b91d12a667fd5b925995,https://github.com/symfony/symfony/issues/59077#issuecomment-2513935018,https://github.com/nitinronge91/KIA-SELTOS-Cluster-Vulnerabilities/blob/0446f6fe6299eb39310e996c73d5513e70d76353/CVE/Odometer%20Manipulation%28Increase%29%20for%20KIA%20SELTOS%20Cluster%20CVE-2024-51074.md,https://github.com/nitinronge91/KIA-SELTOS-Cluster-Vulnerabilities/blob/3755e3f692dce5b1ab06de2d04a2433c907ab21c/CVE/Control%20CAN%20communication%20for%20KIA%20SELTOS%20Cluster%20CVE-2024-51073.md,https://github.com/nitinronge91/KIA-SELTOS-Cluster-Vulnerabilities/blob/628b1550f0093f79380929074b6a5e6ca6f2d04b/CVE/Denial%20of%20Service%20via%20ECU%20Reset%20Service%20For%20KIA%20SELTOS%20CVE-2024-51072.md,https://github.com/Wzy-source/Gala/blob/main/CVEs/PepeGxng_0x5d8d1f28cad84fad8d2fea9fdd4ab5022d23b0fe.md,https://github.com/Wzy-source/Gala/blob/main/CVEs/EOTT_0x5fe0971167215aade651f76492f8489e43ceb48a.md,https://github.com/Wzy-source/Gala/blob/main/CVEs/WaterToken_0x8890963266f895aca11fbe4679a1f9cc472f6531.md,https://github.com/Wzy-source/Gala/blob/main/CVEs/AURA_0x967d176328948e4db4446b8caf623ff9b47221fb.md,https://github.com/ACN-CVEs/CVE-2024-48735/blob/67e86e12393650e1df16c845ceff487d016f31f0/LFI.pdf,https://github.com/ACN-CVEs/CVE-2024-48734/blob/d59cca7b03bce3a516035d1a0f488d67c3d10ae6/Unrestricted%20file%20upload.pdf,https://github.com/ACN-CVEs/CVE-2024-48733/blob/ea2da31c3d6e0140edd6a1455e6157b8ba2f7a67/SQL%20injection.pdf,https://github.com/pytorch/pytorch/issues/129228,https://github.com/pytorch/pytorch/security/policy#using-distributed-features,https://github.com/Ant1sec-ops/CVE-2024-30875,https://github.com/Ant1sec-ops/CVE-2024-27766,https://github.com/Ant1sec-ops/CVE-2023-39593,https://github.com/Ant1sec-ops/CVE-2023-26785,https://github.com/owasp-modsecurity/ModSecurity/blob/v3/master/README.md,https://github.com/yoloflz101/yoloflz/blob/main/README.md
